{
  "id": "deltagreen-custom-ui",
  "title": "Delta Green Custom UI",
  "description": "<p>A heavily customized Delta Green CRT-style player interface for Foundry VTT. This build adds a dedicated COMBAT view, banking and expenses tools, audio mixer controls, mini roll feed, token D-pad, vague HP/WP/SAN top bar, PC Records integration, Web View overlay, scanline intensity control, and a bottom skill + weapon hotbar driven by actor data, all while keeping the GM’s core Foundry UI visible and only overriding the player-facing interface.</p>",
  "version": "0.0.1.ALPHA",
  "compatibility": {
    "minimum": "10",
    "verified": "13",
    "maximum": "13"
  },
  "authors": [
    {
      "name": "Dr. Perky",
      "flags": {}
    },
    {
      "name": "Based on work by Zéphyr-JDR",
      "flags": {}
    }
  ],
  "esmodules": [
    "scripts/delta-green-ui.js"
  ],
  "styles": [
    {
      "src": "styles/delta-green-ui.css"
    }
  ],
  "packs": [
    {
      "name": "Macros",
      "label": "Macros",
      "path": "packs/Macros",
      "type": "Macro",
      "system": "deltagreen",
      "ownership": {
        "PLAYER": "OBSERVER",
        "ASSISTANT": "OWNER"
      }
    }
  ],
  "flags": {}
}